{
	"carName": "amr_v8_vantage_gt3",
	"basicSetup":
	{
		"tyres":
		{
			"tyreCompound": 0,
			"tyrePressure": [ 53, 68, 56, 67 ]
		},
		"alignment":
		{
			"camber": [ 2, 2, 1, 1 ],
			"toe": [ 28, 28, 51, 51 ],
			"staticCamber": [ -5.216644287109375, -5.2082576751708984, -4.9358334541320801, -4.926814079284668 ],
			"toeOutLinear": [ 0.00023231335217133164, 0.00023237593995872885, 0.00031560659408569336, 0.00031559861963614821 ],
			"casterLF": 21,
			"casterRF": 21,
			"steerRatio": 1
		},
		"electronics":
		{
			"tC1": 5,
			"tC2": 5,
			"abs": 3,
			"eCUMap": 0,
			"fuelMix": 0,
			"telemetryLaps": 10
		},
		"strategy":
		{
			"fuel": 93,
			"nPitStops": 0,
			"tyreSet": 0,
			"frontBrakePadCompound": 1,
			"rearBrakePadCompound": 1,
			"pitStrategy": [
				{
					"fuelToAdd": 105,
					"tyres":
					{
						"tyreCompound": 0,
						"tyrePressure": [ 53, 68, 56, 67 ]
					},
					"tyreSet": 1,
					"frontBrakePadCompound": 1,
					"rearBrakePadCompound": 1
				},
				{
					"fuelToAdd": 105,
					"tyres":
					{
						"tyreCompound": 1,
						"tyrePressure": [ 49, 61, 50, 59 ]
					},
					"tyreSet": 2,
					"frontBrakePadCompound": 1,
					"rearBrakePadCompound": 1
				}
			],
			"fuelPerLap": 2.75
		}
	},
	"advancedSetup":
	{
		"mechanicalBalance":
		{
			"aRBFront": 3,
			"aRBRear": 2,
			"wheelRate": [ 3, 3, 6, 6 ],
			"bumpStopRateUp": [ 6, 6, 6, 6 ],
			"bumpStopRateDn": [ 0, 0, 10, 10 ],
			"bumpStopWindow": [ 1, 1, 20, 20 ],
			"brakeTorque": 20,
			"brakeBias": 24
		},
		"dampers":
		{
			"bumpSlow": [ 13, 13, 25, 25 ],
			"bumpFast": [ 31, 31, 26, 26 ],
			"reboundSlow": [ 16, 16, 15, 15 ],
			"reboundFast": [ 22, 22, 34, 34 ]
		},
		"aeroBalance":
		{
			"rideHeight": [ 0, 6, 19, 18 ],
			"rodLength": [ 58.440196990966797, 58.440196990966797, 64.074462890625, 64.074462890625 ],
			"splitter": 0,
			"rearWing": 5,
			"brakeDuct": [ 3, 2 ]
		},
		"drivetrain":
		{
			"preload": 3
		}
	},
	"trackBopType": 27
}