{
	"carName": "amr_v8_vantage_gt3",
	"basicSetup":
	{
		"tyres":
		{
			"tyreCompound": 0,
			"tyrePressure": [ 57, 59, 56, 59 ]
		},
		"alignment":
		{
			"camber": [ 2, 2, 8, 8 ],
			"toe": [ 29, 29, 55, 55 ],
			"staticCamber": [ -5.2114601135253906, -5.2102875709533691, -4.888190746307373, -4.8859219551086426 ],
			"toeOutLinear": [ 0.00018453177472110838, 0.00018465772154740989, 0.00042080256389454007, 0.00042078830301761627 ],
			"casterLF": 3,
			"casterRF": 3,
			"steerRatio": 1
		},
		"electronics":
		{
			"tC1": 3,
			"tC2": 2,
			"abs": 2,
			"eCUMap": 0,
			"fuelMix": 0,
			"telemetryLaps": 5
		},
		"strategy":
		{
			"fuel": 58,
			"nPitStops": 0,
			"tyreSet": 6,
			"frontBrakePadCompound": 1,
			"rearBrakePadCompound": 1,
			"pitStrategy": [
				{
					"fuelToAdd": 0,
					"tyres":
					{
						"tyreCompound": 0,
						"tyrePressure": [ 50, 58, 48, 55 ]
					},
					"tyreSet": 2,
					"frontBrakePadCompound": 1,
					"rearBrakePadCompound": 1
				}
			],
			"fuelPerLap": 2.3993833065032959
		}
	},
	"advancedSetup":
	{
		"mechanicalBalance":
		{
			"aRBFront": 2,
			"aRBRear": 3,
			"wheelRate": [ 4, 4, 5, 5 ],
			"bumpStopRateUp": [ 9, 9, 4, 4 ],
			"bumpStopRateDn": [ 0, 0, 10, 10 ],
			"bumpStopWindow": [ 12, 12, 55, 55 ],
			"brakeTorque": 20,
			"brakeBias": 35
		},
		"dampers":
		{
			"bumpSlow": [ 14, 14, 9, 9 ],
			"bumpFast": [ 16, 16, 8, 8 ],
			"reboundSlow": [ 24, 24, 16, 16 ],
			"reboundFast": [ 21, 21, 13, 13 ]
		},
		"aeroBalance":
		{
			"rideHeight": [ 1, 6, 26, 18 ],
			"rodLength": [ 58.490196228027344, 58.490196228027344, 71.625701904296875, 71.625701904296875 ],
			"splitter": 0,
			"rearWing": 9,
			"brakeDuct": [ 3, 2 ]
		},
		"drivetrain":
		{
			"preload": 8
		}
	},
	"trackBopType": 19
}