{
	"carName": "amr_v8_vantage_gt3",
	"basicSetup":
	{
		"tyres":
		{
			"tyreCompound": 0,
			"tyrePressure": [ 57, 59, 56, 59 ]
		},
		"alignment":
		{
			"camber": [ 0, 0, 5, 5 ],
			"toe": [ 29, 29, 55, 55 ],
			"staticCamber": [ -5.4118833541870117, -5.410698413848877, -5.2514557838439941, -5.2492742538452148 ],
			"toeOutLinear": [ 0.00018464437744114548, 0.00018464656022842973, 0.00042364021646790206, 0.00042362773092463613 ],
			"casterLF": 3,
			"casterRF": 3,
			"steerRatio": 1
		},
		"electronics":
		{
			"tC1": 3,
			"tC2": 2,
			"abs": 2,
			"eCUMap": 0,
			"fuelMix": 0,
			"telemetryLaps": 5
		},
		"strategy":
		{
			"fuel": 10,
			"nPitStops": 0,
			"tyreSet": 2,
			"frontBrakePadCompound": 0,
			"rearBrakePadCompound": 0,
			"pitStrategy": [
				{
					"fuelToAdd": 0,
					"tyres":
					{
						"tyreCompound": 0,
						"tyrePressure": [ 50, 58, 48, 55 ]
					},
					"tyreSet": 2,
					"frontBrakePadCompound": 1,
					"rearBrakePadCompound": 1
				}
			],
			"fuelPerLap": 2.4273693561553955
		}
	},
	"advancedSetup":
	{
		"mechanicalBalance":
		{
			"aRBFront": 2,
			"aRBRear": 3,
			"wheelRate": [ 4, 4, 5, 5 ],
			"bumpStopRateUp": [ 9, 9, 4, 4 ],
			"bumpStopRateDn": [ 0, 0, 10, 10 ],
			"bumpStopWindow": [ 12, 12, 55, 55 ],
			"brakeTorque": 20,
			"brakeBias": 35
		},
		"dampers":
		{
			"bumpSlow": [ 14, 14, 9, 9 ],
			"bumpFast": [ 16, 16, 8, 8 ],
			"reboundSlow": [ 24, 24, 16, 16 ],
			"reboundFast": [ 21, 21, 13, 13 ]
		},
		"aeroBalance":
		{
			"rideHeight": [ 1, 6, 29, 18 ],
			"rodLength": [ 58.233909606933594, 58.233909606933594, 73.549537658691406, 73.549537658691406 ],
			"splitter": 0,
			"rearWing": 10,
			"brakeDuct": [ 3, 2 ]
		},
		"drivetrain":
		{
			"preload": 8
		}
	},
	"trackBopType": 19
}